chapter,file,start_paragraph_index,lines,ext
00_Unknown,snippet_01.txt,13,1,.txt
00_Unknown,snippet_02.txt,74,1,.txt
00_Unknown,snippet_03.txt,80,1,.txt
00_Unknown,snippet_04.erl,90,1,.erl
00_Unknown,snippet_05.txt,92,1,.txt
00_Unknown,snippet_06.txt,99,1,.txt
00_Unknown,snippet_07.txt,106,1,.txt
01_Chapter_1,snippet_01.txt,126,3,.txt
01_Chapter_1,snippet_02.txt,130,1,.txt
01_Chapter_1,snippet_03.gleam,132,1,.gleam
01_Chapter_1,snippet_04.txt,136,1,.txt
01_Chapter_1,snippet_05.txt,139,3,.txt
01_Chapter_1,snippet_06.txt,144,4,.txt
01_Chapter_1,snippet_07.txt,151,1,.txt
01_Chapter_1,snippet_08.gleam,153,1,.gleam
01_Chapter_1,snippet_09.txt,157,1,.txt
01_Chapter_1,snippet_10.gleam,159,2,.gleam
01_Chapter_1,snippet_11.txt,163,1,.txt
01_Chapter_1,snippet_12.gleam,165,2,.gleam
01_Chapter_1,snippet_13.txt,169,2,.txt
01_Chapter_1,snippet_14.txt,175,6,.txt
01_Chapter_1,snippet_15.gleam,182,1,.gleam
01_Chapter_1,snippet_16.txt,184,3,.txt
01_Chapter_1,snippet_17.txt,190,1,.txt
01_Chapter_1,snippet_18.gleam,195,3,.gleam
01_Chapter_1,snippet_19.txt,199,1,.txt
01_Chapter_1,snippet_20.txt,201,2,.txt
01_Chapter_1,snippet_21.gleam,208,2,.gleam
01_Chapter_1,snippet_22.gleam,212,2,.gleam
01_Chapter_1,snippet_23.txt,216,1,.txt
01_Chapter_1,snippet_24.txt,221,1,.txt
01_Chapter_1,snippet_25.gleam,226,2,.gleam
01_Chapter_1,snippet_26.gleam,230,4,.gleam
01_Chapter_1,snippet_27.txt,235,1,.txt
01_Chapter_1,snippet_28.txt,244,1,.txt
02_Chapter_2,snippet_01.sh,258,2,.sh
02_Chapter_2,snippet_02.sh,261,1,.sh
02_Chapter_2,snippet_03.sh,263,2,.sh
02_Chapter_2,snippet_04.sh,266,1,.sh
02_Chapter_2,snippet_05.sh,268,1,.sh
02_Chapter_2,snippet_06.txt,270,1,.txt
02_Chapter_2,snippet_07.txt,272,1,.txt
02_Chapter_2,snippet_08.sh,276,3,.sh
02_Chapter_2,snippet_09.txt,281,1,.txt
02_Chapter_2,snippet_10.sh,284,3,.sh
02_Chapter_2,snippet_11.sh,293,2,.sh
02_Chapter_2,snippet_12.sh,297,1,.sh
02_Chapter_2,snippet_13.sh,300,1,.sh
02_Chapter_2,snippet_14.sh,302,1,.sh
02_Chapter_2,snippet_15.sh,304,1,.sh
02_Chapter_2,snippet_16.sh,310,1,.sh
02_Chapter_2,snippet_17.sh,313,1,.sh
02_Chapter_2,snippet_18.sh,319,1,.sh
02_Chapter_2,snippet_19.sh,322,2,.sh
02_Chapter_2,snippet_20.sh,327,1,.sh
02_Chapter_2,snippet_21.sh,329,1,.sh
02_Chapter_2,snippet_22.sh,334,2,.sh
02_Chapter_2,snippet_23.gleam,337,2,.gleam
02_Chapter_2,snippet_24.gleam,342,3,.gleam
02_Chapter_2,snippet_25.txt,346,3,.txt
02_Chapter_2,snippet_26.sh,353,1,.sh
02_Chapter_2,snippet_27.json,355,1,.json
03_Chapter_3,snippet_01.gleam,368,1,.gleam
03_Chapter_3,snippet_02.gleam,370,1,.gleam
03_Chapter_3,snippet_03.gleam,374,1,.gleam
03_Chapter_3,snippet_04.txt,378,1,.txt
03_Chapter_3,snippet_05.gleam,381,3,.gleam
03_Chapter_3,snippet_06.gleam,387,1,.gleam
03_Chapter_3,snippet_07.gleam,394,1,.gleam
03_Chapter_3,snippet_08.txt,409,1,.txt
03_Chapter_3,snippet_09.gleam,411,1,.gleam
03_Chapter_3,snippet_10.gleam,415,3,.gleam
03_Chapter_3,snippet_11.txt,419,1,.txt
03_Chapter_3,snippet_12.txt,422,1,.txt
03_Chapter_3,snippet_13.gleam,429,2,.gleam
03_Chapter_3,snippet_14.gleam,433,1,.gleam
03_Chapter_3,snippet_15.gleam,437,3,.gleam
03_Chapter_3,snippet_16.gleam,443,1,.gleam
03_Chapter_3,snippet_17.gleam,447,2,.gleam
03_Chapter_3,snippet_18.gleam,451,3,.gleam
03_Chapter_3,snippet_19.gleam,459,1,.gleam
03_Chapter_3,snippet_20.gleam,462,2,.gleam
03_Chapter_3,snippet_21.gleam,470,2,.gleam
03_Chapter_3,snippet_22.txt,476,1,.txt
03_Chapter_3,snippet_23.gleam,480,4,.gleam
03_Chapter_3,snippet_24.txt,485,2,.txt
03_Chapter_3,snippet_25.txt,488,2,.txt
03_Chapter_3,snippet_26.gleam,493,2,.gleam
03_Chapter_3,snippet_27.gleam,498,1,.gleam
03_Chapter_3,snippet_28.gleam,502,1,.gleam
03_Chapter_3,snippet_29.gleam,506,4,.gleam
03_Chapter_3,snippet_30.txt,511,2,.txt
03_Chapter_3,snippet_31.txt,514,2,.txt
04_Chapter_4,snippet_01.txt,523,1,.txt
04_Chapter_4,snippet_02.gleam,532,2,.gleam
04_Chapter_4,snippet_03.txt,535,3,.txt
04_Chapter_4,snippet_04.gleam,539,6,.gleam
04_Chapter_4,snippet_05.gleam,549,3,.gleam
04_Chapter_4,snippet_06.gleam,553,3,.gleam
04_Chapter_4,snippet_07.gleam,557,1,.gleam
04_Chapter_4,snippet_08.gleam,559,1,.gleam
04_Chapter_4,snippet_09.txt,562,1,.txt
04_Chapter_4,snippet_10.gleam,565,5,.gleam
04_Chapter_4,snippet_11.gleam,573,1,.gleam
04_Chapter_4,snippet_12.gleam,575,5,.gleam
04_Chapter_4,snippet_13.txt,585,1,.txt
04_Chapter_4,snippet_14.txt,587,2,.txt
04_Chapter_4,snippet_15.gleam,590,8,.gleam
04_Chapter_4,snippet_16.gleam,600,9,.gleam
04_Chapter_4,snippet_17.txt,611,1,.txt
04_Chapter_4,snippet_18.txt,614,1,.txt
04_Chapter_4,snippet_19.txt,616,1,.txt
04_Chapter_4,snippet_20.gleam,618,8,.gleam
04_Chapter_4,snippet_21.gleam,629,8,.gleam
04_Chapter_4,snippet_22.gleam,640,5,.gleam
04_Chapter_4,snippet_23.txt,646,2,.txt
04_Chapter_4,snippet_24.txt,674,1,.txt
04_Chapter_4,snippet_25.txt,676,1,.txt
04_Chapter_4,snippet_26.txt,681,1,.txt
04_Chapter_4,snippet_27.txt,683,1,.txt
04_Chapter_4,snippet_28.gleam,685,8,.gleam
04_Chapter_4,snippet_29.gleam,696,5,.gleam
04_Chapter_4,snippet_30.gleam,704,5,.gleam
04_Chapter_4,snippet_31.txt,710,2,.txt
05_Chapter_5,snippet_01.gleam,727,4,.gleam
05_Chapter_5,snippet_02.gleam,734,3,.gleam
05_Chapter_5,snippet_03.txt,739,3,.txt
05_Chapter_5,snippet_04.gleam,743,4,.gleam
05_Chapter_5,snippet_05.gleam,750,3,.gleam
05_Chapter_5,snippet_06.txt,756,1,.txt
05_Chapter_5,snippet_07.txt,759,1,.txt
05_Chapter_5,snippet_08.gleam,763,4,.gleam
05_Chapter_5,snippet_09.gleam,770,3,.gleam
05_Chapter_5,snippet_10.gleam,780,8,.gleam
05_Chapter_5,snippet_11.gleam,791,3,.gleam
05_Chapter_5,snippet_12.gleam,796,5,.gleam
05_Chapter_5,snippet_13.gleam,804,4,.gleam
05_Chapter_5,snippet_14.txt,814,1,.txt
05_Chapter_5,snippet_15.gleam,818,4,.gleam
05_Chapter_5,snippet_16.gleam,825,4,.gleam
05_Chapter_5,snippet_17.gleam,831,6,.gleam
05_Chapter_5,snippet_18.txt,841,10,.txt
05_Chapter_5,snippet_19.txt,856,3,.txt
05_Chapter_5,snippet_20.txt,861,3,.txt
05_Chapter_5,snippet_21.txt,869,1,.txt
05_Chapter_5,snippet_22.gleam,875,4,.gleam
05_Chapter_5,snippet_23.gleam,882,7,.gleam
05_Chapter_5,snippet_24.gleam,891,4,.gleam
05_Chapter_5,snippet_25.gleam,898,6,.gleam
06_Chapter_6,snippet_01.txt,914,1,.txt
06_Chapter_6,snippet_02.txt,917,3,.txt
06_Chapter_6,snippet_03.gleam,921,1,.gleam
06_Chapter_6,snippet_04.txt,923,3,.txt
06_Chapter_6,snippet_05.gleam,929,4,.gleam
06_Chapter_6,snippet_06.txt,937,4,.txt
06_Chapter_6,snippet_07.gleam,942,4,.gleam
06_Chapter_6,snippet_08.gleam,949,4,.gleam
06_Chapter_6,snippet_09.txt,957,1,.txt
06_Chapter_6,snippet_10.txt,962,1,.txt
06_Chapter_6,snippet_11.txt,966,1,.txt
06_Chapter_6,snippet_12.gleam,971,1,.gleam
06_Chapter_6,snippet_13.gleam,975,4,.gleam
06_Chapter_6,snippet_14.gleam,981,3,.gleam
06_Chapter_6,snippet_15.txt,990,1,.txt
06_Chapter_6,snippet_16.erl,996,2,.erl
06_Chapter_6,snippet_17.txt,999,1,.txt
06_Chapter_6,snippet_18.txt,1001,4,.txt
06_Chapter_6,snippet_19.txt,1010,1,.txt
06_Chapter_6,snippet_20.sh,1013,1,.sh
06_Chapter_6,snippet_21.txt,1015,1,.txt
06_Chapter_6,snippet_22.erl,1017,2,.erl
06_Chapter_6,snippet_23.gleam,1024,3,.gleam
06_Chapter_6,snippet_24.gleam,1032,1,.gleam
06_Chapter_6,snippet_25.gleam,1036,1,.gleam
06_Chapter_6,snippet_26.gleam,1040,1,.gleam
06_Chapter_6,snippet_27.gleam,1044,1,.gleam
06_Chapter_6,snippet_28.txt,1046,3,.txt
06_Chapter_6,snippet_29.gleam,1054,4,.gleam
06_Chapter_6,snippet_30.gleam,1060,4,.gleam
06_Chapter_6,snippet_31.gleam,1066,4,.gleam
06_Chapter_6,snippet_32.gleam,1072,3,.gleam
06_Chapter_6,snippet_33.gleam,1077,6,.gleam
07_Chapter_7,snippet_01.txt,1092,1,.txt
07_Chapter_7,snippet_02.txt,1095,1,.txt
07_Chapter_7,snippet_03.txt,1098,1,.txt
07_Chapter_7,snippet_04.txt,1107,1,.txt
07_Chapter_7,snippet_05.gleam,1111,2,.gleam
07_Chapter_7,snippet_06.gleam,1115,3,.gleam
07_Chapter_7,snippet_07.txt,1124,1,.txt
07_Chapter_7,snippet_08.gleam,1126,4,.gleam
07_Chapter_7,snippet_09.gleam,1133,3,.gleam
07_Chapter_7,snippet_10.txt,1140,1,.txt
07_Chapter_7,snippet_11.txt,1143,1,.txt
07_Chapter_7,snippet_12.txt,1147,1,.txt
07_Chapter_7,snippet_13.gleam,1149,4,.gleam
07_Chapter_7,snippet_14.gleam,1156,4,.gleam
07_Chapter_7,snippet_15.txt,1163,1,.txt
07_Chapter_7,snippet_16.txt,1168,3,.txt
07_Chapter_7,snippet_17.gleam,1174,2,.gleam
07_Chapter_7,snippet_18.gleam,1178,5,.gleam
07_Chapter_7,snippet_19.txt,1189,1,.txt
07_Chapter_7,snippet_20.gleam,1194,2,.gleam
07_Chapter_7,snippet_21.gleam,1198,4,.gleam
07_Chapter_7,snippet_22.txt,1206,2,.txt
07_Chapter_7,snippet_23.txt,1211,3,.txt
07_Chapter_7,snippet_24.txt,1217,1,.txt
07_Chapter_7,snippet_25.txt,1224,1,.txt
07_Chapter_7,snippet_26.txt,1228,1,.txt
07_Chapter_7,snippet_27.gleam,1230,2,.gleam
07_Chapter_7,snippet_28.gleam,1234,5,.gleam
08_Chapter_8,snippet_01.txt,1252,1,.txt
08_Chapter_8,snippet_02.txt,1255,1,.txt
08_Chapter_8,snippet_03.txt,1257,1,.txt
08_Chapter_8,snippet_04.txt,1260,1,.txt
08_Chapter_8,snippet_05.txt,1262,1,.txt
08_Chapter_8,snippet_06.txt,1269,3,.txt
08_Chapter_8,snippet_07.gleam,1275,2,.gleam
08_Chapter_8,snippet_08.gleam,1279,1,.gleam
08_Chapter_8,snippet_09.gleam,1283,3,.gleam
08_Chapter_8,snippet_10.txt,1290,1,.txt
08_Chapter_8,snippet_11.txt,1293,2,.txt
08_Chapter_8,snippet_12.txt,1297,1,.txt
08_Chapter_8,snippet_13.gleam,1300,2,.gleam
08_Chapter_8,snippet_14.gleam,1304,2,.gleam
08_Chapter_8,snippet_15.gleam,1308,3,.gleam
08_Chapter_8,snippet_16.txt,1312,2,.txt
08_Chapter_8,snippet_17.txt,1315,1,.txt
08_Chapter_8,snippet_18.txt,1322,2,.txt
08_Chapter_8,snippet_19.gleam,1325,3,.gleam
08_Chapter_8,snippet_20.txt,1333,2,.txt
08_Chapter_8,snippet_21.gleam,1336,2,.gleam
08_Chapter_8,snippet_22.gleam,1340,3,.gleam
08_Chapter_8,snippet_23.txt,1346,1,.txt
08_Chapter_8,snippet_24.gleam,1348,2,.gleam
08_Chapter_8,snippet_25.gleam,1352,3,.gleam
08_Chapter_8,snippet_26.txt,1359,1,.txt
08_Chapter_8,snippet_27.txt,1361,2,.txt
08_Chapter_8,snippet_28.gleam,1364,2,.gleam
08_Chapter_8,snippet_29.gleam,1368,3,.gleam
08_Chapter_8,snippet_30.gleam,1374,3,.gleam
08_Chapter_8,snippet_31.gleam,1380,4,.gleam
08_Chapter_8,snippet_32.txt,1394,2,.txt
08_Chapter_8,snippet_33.gleam,1397,2,.gleam
08_Chapter_8,snippet_34.gleam,1401,3,.gleam
08_Chapter_8,snippet_35.gleam,1407,3,.gleam
08_Chapter_8,snippet_36.gleam,1413,4,.gleam
08_Chapter_8,snippet_37.gleam,1420,3,.gleam
08_Chapter_8,snippet_38.txt,1424,2,.txt
08_Chapter_8,snippet_39.txt,1427,2,.txt
08_Chapter_8,snippet_40.txt,1432,1,.txt
09_Chapter_9,snippet_01.txt,1439,1,.txt
09_Chapter_9,snippet_02.txt,1446,1,.txt
09_Chapter_9,snippet_03.sh,1448,1,.sh
09_Chapter_9,snippet_04.gleam,1453,4,.gleam
09_Chapter_9,snippet_05.txt,1459,2,.txt
09_Chapter_9,snippet_06.sh,1463,1,.sh
09_Chapter_9,snippet_07.txt,1467,9,.txt
09_Chapter_9,snippet_08.sh,1477,2,.sh
09_Chapter_9,snippet_09.txt,1484,1,.txt
09_Chapter_9,snippet_10.sh,1489,2,.sh
09_Chapter_9,snippet_11.gleam,1492,2,.gleam
09_Chapter_9,snippet_12.gleam,1497,15,.gleam
09_Chapter_9,snippet_13.gleam,1515,3,.gleam
09_Chapter_9,snippet_14.sh,1525,2,.sh
09_Chapter_9,snippet_15.txt,1533,1,.txt
10_Chapter_10,snippet_01.txt,1535,1,.txt
10_Chapter_10,snippet_02.txt,1549,1,.txt
10_Chapter_10,snippet_03.txt,1552,1,.txt
10_Chapter_10,snippet_04.txt,1559,1,.txt
10_Chapter_10,snippet_05.txt,1563,1,.txt
10_Chapter_10,snippet_06.txt,1565,3,.txt
10_Chapter_10,snippet_07.gleam,1573,5,.gleam
10_Chapter_10,snippet_08.gleam,1581,4,.gleam
10_Chapter_10,snippet_09.txt,1588,1,.txt
10_Chapter_10,snippet_10.gleam,1592,5,.gleam
10_Chapter_10,snippet_11.gleam,1600,3,.gleam
10_Chapter_10,snippet_12.txt,1607,1,.txt
10_Chapter_10,snippet_13.txt,1613,1,.txt
10_Chapter_10,snippet_14.gleam,1616,3,.gleam
10_Chapter_10,snippet_15.gleam,1621,7,.gleam
10_Chapter_10,snippet_16.txt,1636,1,.txt
10_Chapter_10,snippet_17.gleam,1638,3,.gleam
10_Chapter_10,snippet_18.gleam,1644,3,.gleam
10_Chapter_10,snippet_19.txt,1648,2,.txt
10_Chapter_10,snippet_20.txt,1660,1,.txt
11_Chapter_11,snippet_01.txt,1681,2,.txt
11_Chapter_11,snippet_02.txt,1688,1,.txt
11_Chapter_11,snippet_03.gleam,1692,4,.gleam
11_Chapter_11,snippet_04.gleam,1699,3,.gleam
11_Chapter_11,snippet_05.txt,1703,1,.txt
11_Chapter_11,snippet_06.gleam,1705,5,.gleam
11_Chapter_11,snippet_07.gleam,1713,4,.gleam
11_Chapter_11,snippet_08.txt,1721,2,.txt
11_Chapter_11,snippet_09.txt,1726,1,.txt
11_Chapter_11,snippet_10.gleam,1730,4,.gleam
11_Chapter_11,snippet_11.gleam,1737,3,.gleam
11_Chapter_11,snippet_12.txt,1750,1,.txt
11_Chapter_11,snippet_13.txt,1756,1,.txt
11_Chapter_11,snippet_14.txt,1761,1,.txt
11_Chapter_11,snippet_15.gleam,1765,4,.gleam
11_Chapter_11,snippet_16.gleam,1772,5,.gleam
11_Chapter_11,snippet_17.gleam,1780,3,.gleam
11_Chapter_11,snippet_18.txt,1784,2,.txt
11_Chapter_11,snippet_19.gleam,1791,12,.gleam
11_Chapter_11,snippet_20.gleam,1806,3,.gleam
11_Chapter_11,snippet_21.txt,1814,1,.txt
11_Chapter_11,snippet_22.gleam,1821,6,.gleam
11_Chapter_11,snippet_23.gleam,1830,3,.gleam
12_Chapter_12,snippet_01.gleam,1850,4,.gleam
12_Chapter_12,snippet_02.txt,1860,1,.txt
12_Chapter_12,snippet_03.sh,1867,1,.sh
12_Chapter_12,snippet_04.txt,1870,1,.txt
12_Chapter_12,snippet_05.gleam,1874,3,.gleam
12_Chapter_12,snippet_06.gleam,1897,3,.gleam
12_Chapter_12,snippet_07.gleam,1902,2,.gleam
12_Chapter_12,snippet_08.txt,1906,1,.txt
12_Chapter_12,snippet_09.txt,1909,1,.txt
12_Chapter_12,snippet_10.txt,1914,1,.txt
12_Chapter_12,snippet_11.gleam,1930,2,.gleam
12_Chapter_12,snippet_12.gleam,1934,4,.gleam
12_Chapter_12,snippet_13.gleam,1943,6,.gleam
12_Chapter_12,snippet_14.gleam,1951,2,.gleam
12_Chapter_12,snippet_15.gleam,1957,2,.gleam
12_Chapter_12,snippet_16.gleam,1961,3,.gleam
12_Chapter_12,snippet_17.gleam,1965,3,.gleam
13_Chapter_13,snippet_01.txt,1981,3,.txt
13_Chapter_13,snippet_02.gleam,1985,2,.gleam
13_Chapter_13,snippet_03.txt,1988,1,.txt
13_Chapter_13,snippet_04.gleam,1991,1,.gleam
13_Chapter_13,snippet_05.gleam,1995,3,.gleam
13_Chapter_13,snippet_06.gleam,2001,1,.gleam
13_Chapter_13,snippet_07.gleam,2005,5,.gleam
13_Chapter_13,snippet_08.txt,2011,1,.txt
13_Chapter_13,snippet_09.txt,2016,2,.txt
13_Chapter_13,snippet_10.txt,2019,1,.txt
13_Chapter_13,snippet_11.txt,2021,3,.txt
13_Chapter_13,snippet_12.gleam,2027,9,.gleam
13_Chapter_13,snippet_13.txt,2038,1,.txt
13_Chapter_13,snippet_14.txt,2042,2,.txt
13_Chapter_13,snippet_15.txt,2047,2,.txt
13_Chapter_13,snippet_16.sh,2054,1,.sh
13_Chapter_13,snippet_17.sh,2056,2,.sh
13_Chapter_13,snippet_18.sh,2059,1,.sh
13_Chapter_13,snippet_19.sh,2061,3,.sh
13_Chapter_13,snippet_20.txt,2067,1,.txt
13_Chapter_13,snippet_21.txt,2070,1,.txt
13_Chapter_13,snippet_22.txt,2091,1,.txt
13_Chapter_13,snippet_23.gleam,2101,2,.gleam
13_Chapter_13,snippet_24.txt,2104,1,.txt
13_Chapter_13,snippet_25.txt,2107,1,.txt
13_Chapter_13,snippet_26.gleam,2111,4,.gleam
13_Chapter_13,snippet_27.txt,2116,5,.txt
13_Chapter_13,snippet_28.gleam,2124,2,.gleam
13_Chapter_13,snippet_29.gleam,2129,2,.gleam
13_Chapter_13,snippet_30.gleam,2134,2,.gleam
13_Chapter_13,snippet_31.txt,2139,1,.txt
14_Chapter_14,snippet_01.txt,2151,2,.txt
14_Chapter_14,snippet_02.txt,2155,1,.txt
14_Chapter_14,snippet_03.txt,2180,1,.txt
14_Chapter_14,snippet_04.txt,2184,1,.txt
14_Chapter_14,snippet_05.txt,2194,1,.txt
14_Chapter_14,snippet_06.txt,2205,2,.txt
14_Chapter_14,snippet_07.txt,2208,2,.txt
14_Chapter_14,snippet_08.gleam,2211,2,.gleam
14_Chapter_14,snippet_09.gleam,2215,2,.gleam
14_Chapter_14,snippet_10.txt,2232,1,.txt
14_Chapter_14,snippet_11.txt,2238,2,.txt
14_Chapter_14,snippet_12.txt,2245,1,.txt
14_Chapter_14,snippet_13.txt,2251,1,.txt
14_Chapter_14,snippet_14.txt,2270,1,.txt
14_Chapter_14,snippet_15.txt,2274,1,.txt
14_Chapter_14,snippet_16.txt,2310,1,.txt
